id,label
7.656119829430046e+16,Sói Bé Tí
7.656119797397483e+16,Xemesis
7.656119799360934e+16,Mixi
7.656119804656214e+16,Hoàng Anh Gaming
7.656119806195347e+16,Shu Ku Chi
7.656119806222626e+16,LeoPard
7.656119807676656e+16,MLCZ
7.656119807718669e+16,Wolf
7.656119809719995e+16,BomK Tay Bế Con
7.656119810977603e+16,QuangDeag
7.656119811018182e+16,Alexander Khôi
7.656119811668514e+16,Stupid Monkey
7.656119812833907e+16,Nhac
7.656119813481573e+16,Ơ
7.6561198135035e+16,nauQ
7.656119813822483e+16,Unknown
7.656119814206997e+16,SnakeAsi4n
7.656119814270258e+16,Nobi Artwork Designer
7.65611981509601e+16,LinhDiemXa
7.656119815285629e+16,CrisDevilGamer
7.656119816123016e+16,rhymastic
7.656119817658746e+16,Dangphethuoc
7.656119818089848e+16,Billionaire
7.65611981986524e+16,KayelSeven
7.656119820466726e+16,DORAEMON STORE
7.656119821926085e+16,MixiNguyen
7.656119822139216e+16,Sof13
7.65611982255527e+16,devzxJEE
7.656119823642872e+16,FAT
7.656119830411491e+16,Dank666
7.65611983065305e+16,Linh Điếc
7.656119830938608e+16,Unknown
7.656119832176181e+16,Not Koolz
7.656119833138064e+16,NgogThanc07
7.656119835895445e+16,MT
7.656119838130219e+16,ocvodit
7.656119838844322e+16,bmz
7.656119839005587e+16,TrungViolin
7.656119839139152e+16,Vodka Quang
7.656119839187934e+16,LMD
7.656119839231618e+16,AsinnT
7.656119839295048e+16,kakasheesh
7.656119839454219e+16,Alicia
7.656119839788802e+16,dQHuy
7.656119840679728e+16,KaiT
7.656119840855734e+16,COOK NguyenVu
7.656119841774011e+16,Manh van me
7.656119841961715e+16,Thầy Giáo Ba
7.656119843111966e+16,SONBEAT
7.656119845126843e+16,PewPew
7.65611988311768e+16,Qbum
7.656119883125464e+16,TrungViolin
7.656119883398754e+16,Lữ Trố
7.656119883480747e+16,Pïñö
7.65611988386285e+16,Boiz
7.656119883949141e+16,Bảo Phạm Grenades
7.656119885158704e+16,SoRybaybi
7.656119886254504e+16,Jikey
7.65611988715257e+16,Quả Quả Ǘ
7.656119887645798e+16,Runaan Fall asleep
7.65611989491838e+16,Yurireko
7.656119895555142e+16,ms LMAO
7.656119895648565e+16,Minh Mic Rè
7.656119899581912e+16,huhu
7.65611989959747e+16,vhsosad
7.65611990150411e+16,Thúy Liễu
7.656119902810136e+16,Ad Breaks
7.6561199100617e+16,Unknown
7.656119911833606e+16,Unknown
7.656119917191214e+16,dug
7.656119918443723e+16,Trust Me
7.656119918828706e+16,Chinct
7.656119919035923e+16,ADAM
7.656119921392094e+16,76561199213920939
7.656119924746875e+16,obsession
7.656119938811965e+16,qwerty
7.656119944140877e+16,Gigi
7.65611995227201e+16,cô tấm chơi đồ
7.656119953661216e+16,Dinomoi
7.65611979633396e+16,TBH Calidus
7.65611979654826e+16,Unknown
7.656119796707576e+16,Lobes
7.656119796871083e+16,LostShadowX
7.656119796949448e+16,SoX
7.65611979709378e+16,TheBigLebowski
7.656119797162358e+16,DarkGunn
7.65611979772346e+16,MisterTea
7.6561197990681e+16,Cycloneous
7.65611979916146e+16,Forno
7.656119799980051e+16,Bao Đại Hiệp
7.656119800073496e+16,Gurgle
7.65611980035198e+16,TBH Teyo
7.656119800571008e+16,Fluxx
7.656119800599454e+16,Tom Tom
7.656119800639518e+16,andril
7.656119801101064e+16,1That7Guy4Kai
7.656119801462037e+16,play together
7.656119801891242e+16,Tình Tang
7.656119802123862e+16,QX
7.656119802507387e+16,neekpee
7.65611980265849e+16,xNdYCatharsys
7.656119802885533e+16,Maru
7.656119802974218e+16,Loading
7.656119803216845e+16,TienSinh
7.656119803508275e+16,Tex
7.656119803825357e+16,Sunnyzpham
7.656119803939494e+16,Dave342
7.65611980394243e+16,SenseiHamChoi
7.656119804145227e+16,DeadSilence
7.656119805132982e+16,phonzy
7.656119805458885e+16,Set
7.656119805714006e+16,look left look right
7.656119805777949e+16,penge
7.656119805854773e+16,CARRY
7.656119806031198e+16,Kenny kennyS Schrub
7.656119806106808e+16,Urf
7.656119806133085e+16,Tui la Le Thien Ha
7.656119806137766e+16,ACM
7.656119806184418e+16,Đoàn Hải
7.656119806185718e+16,Definitely Not Yami
7.65611980643968e+16,Graveto
7.65611980651296e+16,PMV
7.656119806664109e+16,ManifesT
7.656119806734062e+16,DaiTaBopChym1
7.65611980738079e+16,Ami
7.656119807425715e+16,DVN
7.656119807437186e+16,GabiOppa
7.656119807449536e+16,Dezzaster
7.656119807459077e+16,Kuro
7.656119807517784e+16,Panda Po
7.656119807558403e+16,Plastic Lover
7.656119807626558e+16,th8ng
7.65611980771966e+16,Gb
7.65611980772852e+16,Aladin
7.656119807729197e+16,HuyK
7.656119808072803e+16,IKurokamiI
7.656119808143331e+16,Muggsy RoadToSliver
7.656119808335093e+16,Lucgameviet
7.656119808341574e+16,Im noob dont fvcking ask
7.6561198084993e+16,fuongfreshfolk
7.656119808523454e+16,Bwaka Rat
7.65611980854887e+16,Npc009
7.656119808558653e+16,sooyaaa
7.656119808577522e+16,Reality
7.656119808681278e+16,EEEEEE
7.65611980932605e+16,IMQT
7.656119809358165e+16,Jay
7.65611980957812e+16,Johnny Dieep
7.656119809998426e+16,Sieu Nhan Xanh
7.656119810091747e+16,Con sò le
7.656119810312646e+16,ʙᴀcκғoιʟ
7.65611981042423e+16,QV is on fire
7.65611981058953e+16,BlooDy Hell
7.656119810649395e+16,pitbul
7.656119810783019e+16,Unknown
7.656119811018704e+16,TeddyLe
7.656119811022482e+16,SAVE SOIL
7.656119811028838e+16,133
7.656119811234966e+16,kσMì
7.656119811362589e+16,Min
7.656119811770845e+16,Kentiii Coming back
7.656119811869653e+16,This is Beo
7.656119811993962e+16,Thầy Chùa
7.65611981203481e+16,Spectre
7.656119812278299e+16,RonBΞÜ
7.656119812337472e+16,Paul Lienhart
7.656119812542597e+16,Kem
7.656119812589712e+16,Méow
7.656119812672707e+16,Bum
7.65611981267755e+16,Trade banned 76561198126775498
7.656119812896043e+16,Lambö
7.656119812945278e+16,Can I carry pls
7.656119813068328e+16,Sugar Daddy BuRning
7.656119813155862e+16,Raven
7.656119813187358e+16,Marshal
7.656119813566933e+16,Đầu Cắt Moi
7.656119813635146e+16,Annika Minh Bi
7.656119813899274e+16,Masta
7.656119813988066e+16,NNTPD
7.656119813995776e+16,Mãnh Hổ Cali
7.656119814424768e+16,KhoaTran
7.65611981445039e+16,BeerusS
7.656119814487488e+16,Misogi
7.65611981499666e+16,KanielLittev
7.656119815104102e+16,Ken
7.65611981517834e+16,Necrocncer
7.656119815430606e+16,Tris
7.656119815708067e+16,Subi
7.656119815719629e+16,JMY
7.656119815823381e+16,Keniel Bi
7.656119815886576e+16,Khangarang DMKUN
7.656119815898525e+16,VerTex on the mic
7.656119816008394e+16,THP
7.656119816036395e+16,Miguel Tran
7.656119816151277e+16,Khôi
7.656119816155146e+16,apEX
7.656119816215322e+16,An
7.656119816263422e+16,Hallelujah
7.65611981631752e+16,Howie
7.656119816709774e+16,r1cky
7.656119816857856e+16,JTLee
7.656119817216854e+16,Yela
7.656119817405198e+16,JChua
7.656119817463434e+16,Supp
7.656119817907798e+16,Unknown
7.656119818103466e+16,Tamago
7.656119818510902e+16,LMH3012
7.656119818773179e+16,lowkey
7.65611981880784e+16,sondao
7.656119818863054e+16,123
7.656119819004675e+16,Raizo
7.656119819301675e+16,Bowling
7.65611981965455e+16,Rahp
7.656119819822723e+16,Minc
7.656119820187115e+16,Pháp Sư Trung Hoa
7.656119820239818e+16,123
7.656119820289318e+16,JOKER
7.656119820496851e+16,sSanji
7.656119821172192e+16,hiihiiheehee
7.65611982124343e+16,DWIGHT
7.656119821529194e+16,seich
7.656119822038829e+16,Y R U F
7.656119823304669e+16,Seaaaaa
7.656119823607542e+16,SH
7.656119824639582e+16,Giang0402
7.656119824726595e+16,FPhanTom
7.65611982529368e+16,Unknown
7.656119825590216e+16,SsoKuyL
7.656119825910611e+16,kkk
7.656119825964026e+16,Andree
7.656119826381413e+16,Koolz
7.656119826527366e+16,sSeRa
7.656119826808469e+16,2ez
7.656119827021206e+16,Hiếu Cận
7.65611982737677e+16,69Gaming
7.656119827416243e+16,hqkhanh
7.656119827435086e+16,Drax
7.656119827439786e+16,VIEHonda
7.656119827448107e+16,Radzg40
7.656119827521232e+16,Real Gin NeverWinter
7.656119827605974e+16,Zuhn
7.656119827857251e+16,SIeuKP
7.656119828065608e+16,doc co cau bai
7.65611982807143e+16,hihi
7.656119828120163e+16,NLT
7.656119828131312e+16,NickQ
7.656119828588994e+16,ChiPin
7.656119828906328e+16,kanguru86
7.656119829055574e+16,Ibiza
7.656119830065536e+16,Tusp
7.656119830795187e+16,LMT
7.656119831080762e+16,Archer
7.656119832621291e+16,genji
7.656119833000107e+16,Dũng Nhỏ
7.656119833364611e+16,DD
7.656119835076802e+16,Meowww
7.65611983544147e+16,Zeus
7.65611983654097e+16,Ken
7.656119836614598e+16,ITeee
7.656119837032702e+16,KrisWoo
7.656119838161573e+16,123
7.65611983842237e+16,nthanhdanh1708
7.656119839734611e+16,Phúc
7.656119839956491e+16,ˆ Deftšu ˆ
7.65611984048154e+16,4RYL
7.656119840615221e+16,Tik
7.656119842297629e+16,NghiaSex
7.6561198426316e+16,Cún
7.656119842749131e+16,nắc vào mồm
7.656119856733547e+16,xjhdsujfhsdj
7.65611988113298e+16,Yêu Mai Chinh
7.656119881852379e+16,Alina Ngoc Bít
7.656119882468104e+16,Arrow
7.656119884134981e+16,winnietheboo
7.656119885081026e+16,sSanji
7.65611989308263e+16,vo liem si
7.656119895483427e+16,Raven
7.656119895733112e+16,Eros
7.65611990818883e+16,w
7.656119796032035e+16,shaniquaplayz
7.656119796305222e+16,Testo
7.65611979632749e+16,BuU
7.65611979634226e+16,N2Tus GeTReKt
7.656119796636219e+16,pelicAn
7.656119796652824e+16,DarkSin
7.656119796700264e+16,CreaMyyy
7.656119796730808e+16,James Steel
7.656119797035909e+16,OsKyy
7.656119797124491e+16,trinner
7.656119797143922e+16,Jay
7.656119797185998e+16,Papa Deez
7.656119797223576e+16,Sub
7.656119797235285e+16,PeekaBoo
7.656119797304954e+16,DiriONLY98
7.656119797343088e+16,unc
7.656119797547998e+16,JOHN TITOR bitskinscom
7.656119797657638e+16,vitcon skins
7.656119797912818e+16,oozorasubarulover69
7.656119797915861e+16,to the S T R S
7.656119797970547e+16,awkn
7.656119798533288e+16,Biighead
7.656119798595998e+16,SMELLi
7.656119798735885e+16,Burlem
7.656119798781557e+16,AlybuiTuMUTED ALL
7.656119798834962e+16,Judicious Use Of Deadly Force
7.656119799107192e+16,r1ko
7.65611979913334e+16,Adrian
7.65611979937988e+16,jxrdywest
7.656119799533e+16,CSGO Shuffle Gifts 4
7.656119799680022e+16,JulesRules
7.656119799721368e+16,Endless
7.656119799726944e+16,Hary Porsche
7.656119799782973e+16,٨
7.656119799783603e+16,Dr ChRisGER
7.656119799808896e+16,Unknown
7.656119799910114e+16,Buster
7.656119800110074e+16,Tomiq
7.65611980012405e+16,1luvmuff1n
7.656119800210672e+16,jD
7.656119800260854e+16,BadKid
7.656119800370691e+16,Blanchflower
7.65611980049019e+16,Cọc to
7.656119800547235e+16,Dalaxtor
7.65611980064494e+16,Unknown
7.656119800735814e+16,con chym non
7.656119800997933e+16,eniksx
7.656119801347147e+16,Lagger
7.656119801365776e+16,form
7.656119801496254e+16,makise
7.65611980151709e+16,Descroke2
7.656119801553358e+16,Grimch
7.656119801591598e+16,boksik
7.656119801627754e+16,Played
7.656119801854152e+16,Hunter
7.656119801863678e+16,76561198018541516
7.656119801930544e+16,specialist
7.656119801983984e+16,dank
7.656119802011502e+16,Endess
7.65611980203537e+16,Quartararo
7.656119802303728e+16,RUSALINN1
7.656119802428717e+16,Aliovch
7.656119802475677e+16,OConner
7.65611980262418e+16,Flash
7.656119802641763e+16,Ehrenhart
7.656119802665443e+16,D4rk
7.656119802687125e+16,hola mami que guapa
7.656119802777768e+16,Mia
7.656119802923738e+16,Sivintrox
7.656119803007235e+16,nahahehe
7.656119803023011e+16,Parigo
7.656119803311373e+16,WARBOSS
7.656119803370782e+16,BrianAM
7.656119803394459e+16,ZIP
7.65611980344504e+16,kiyeusuV
7.656119803521955e+16,Franz Xaver L
7.656119803582584e+16,Miki
7.65611980360064e+16,Livaï
7.656119803678877e+16,João the riddler
7.656119803683766e+16,stiu ndM
7.656119803739437e+16,Cactus Jack
7.656119803753458e+16,manowar
7.656119803811008e+16,Juj
7.656119803816053e+16,iSh0xx
7.656119803956898e+16,discovery42
7.656119804054651e+16,DORN
7.656119804153155e+16,Kripz
7.656119804186317e+16,CrosX
7.656119804215134e+16,adapt
7.656119804262712e+16,The Great Ozz
7.6561198043605e+16,Azox
7.656119804407701e+16,No Microphone Detected
7.656119804425357e+16,jaded
7.656119804463464e+16,eV3rest
7.656119804489579e+16,mexdex DD
7.656119804517589e+16,Vetic
7.65611980453245e+16,L1ghT
7.656119804579098e+16,Unknown
7.656119804617514e+16,CRANKCRANKCRANK
7.65611980465958e+16,Peace
7.656119804684354e+16,type
7.656119804704566e+16,sng
7.656119804828165e+16,monkey
7.656119804880598e+16,sky wind
7.656119804933115e+16,Astra
7.6561198049994e+16,Teeird
7.656119805008606e+16,NgocTrinh on fire
7.656119805028189e+16,jordan
7.656119805088312e+16,BOOST DEAD INSIDE CSMONEY
7.656119805154707e+16,Spoods
7.656119805196637e+16,Tetomu
7.656119805240637e+16,chriskritzMellogang
7.656119805335355e+16,Vlad
7.656119805367712e+16,Cobl
7.65611980539602e+16,FCHTobi
7.656119805692291e+16,ccccc
7.656119805710286e+16,Mita
7.656119805741739e+16,Styen
7.656119805747614e+16,Kradian
7.656119805778947e+16,SirenaVisAVis
7.65611980580623e+16,Unknown
7.656119805864576e+16,Phúc tóc dài
7.656119805874787e+16,Toby
7.656119805890411e+16,Red Hawt
7.656119805930939e+16,TuiLaNu
7.656119806104194e+16,SleyD
7.656119806260971e+16,Ennn Tiii
7.656119806283293e+16,Unknown
7.656119806294128e+16,Fantom Knight
7.656119806434542e+16,PhuongBeast
7.65611980644255e+16,Do you love me
7.656119806474933e+16,UncleFatMinh
7.656119806478587e+16,MLCX
7.656119806478733e+16,FujiMonter
7.65611980650585e+16,Road to PsychiatryNeuroscience
7.65611980652537e+16,B1
7.656119806583758e+16,Blood
7.656119806683346e+16,smkz
7.656119806683408e+16,rua
7.656119806687632e+16,Haruko
7.65611980669808e+16,Glowyy
7.656119806714352e+16,supaden
7.656119806743962e+16,Zino
7.656119806780677e+16,Otacon 1999
7.656119806815082e+16,Mẫn Nhi
7.656119806892315e+16,CXM
7.656119807075405e+16,2Dollars
7.65611980715993e+16,404 Brain Not Found
7.656119807165722e+16,Siri Ariana
7.656119807207445e+16,BooMytw
7.656119807227403e+16,Mọi Da Xanh
7.656119807246368e+16,JBL Flip Essential 2
7.656119807259354e+16,okem
7.656119807302878e+16,Rambo Ramon Rainer
7.656119807306125e+16,wolfig
7.656119807307206e+16,DH
7.656119807386602e+16,Newt
7.65611980738814e+16,adregod
7.656119807412674e+16,misajurik
7.656119807421014e+16,koms
7.656119807457338e+16,Mike
7.65611980748529e+16,Skill Trượt
7.656119807526501e+16,bolt
7.65611980753702e+16,Unknown
7.656119807540085e+16,TungNi
7.656119807569694e+16,Unknown
7.656119807602126e+16,Tombo
7.656119807609405e+16,Doro
7.65611980764786e+16,Scyllx
7.656119807651733e+16,HiPu Da Poet
7.656119807682925e+16,Butthurtnerd
7.656119807705978e+16,Goth Mommy Enjoyer
7.656119807714382e+16,hi im noob
7.656119807728144e+16,Ametsu
7.656119807747042e+16,DeezieSr
7.656119807755398e+16,QUIET
7.65611980776167e+16,Armando Antonucci
7.656119807806958e+16,Diedarku
7.656119807839363e+16,INVADERmustDIE
7.656119807862925e+16,Luktar som en stor
7.656119807880144e+16,Jygä
7.656119807888134e+16,Dakiann
7.656119807895658e+16,kurokeita NSFW
7.656119807920717e+16,Sozno Bananaas
7.656119807935128e+16,noccotrammish
7.656119807939882e+16,Go Gears
7.656119807969877e+16,FiizzY UK
7.656119808017853e+16,Rahmuttula Mafuaz
7.656119808025973e+16,Crispy
7.656119808067002e+16,wolf
7.656119808086947e+16,OfficerOssi
7.656119808171352e+16,Reki
7.656119808176338e+16,shArkY
7.65611980818389e+16,Cyanotic1994
7.656119808184216e+16,Unknown
7.656119808242208e+16,Count Dripula
7.656119808265277e+16,sMO
7.656119808278016e+16,QUYN
7.65611980827926e+16,Jon Snow
7.656119808280493e+16,pony
7.656119808281005e+16,pach0
7.656119808282418e+16,ConStriker
7.656119808345955e+16,BroAgi
7.656119808441182e+16,BeardBlue
7.656119808456051e+16,Jiyeon
7.656119808462379e+16,Neko
7.65611980850118e+16,Blazer
7.65611980853566e+16,SlayerHan
7.656119808540787e+16,kunzxie
7.656119808557586e+16,StarK0
7.656119808594787e+16,GOEGGI
7.656119808676134e+16,Unknown
7.656119808686946e+16,Cuu Chien Binh
7.656119808692182e+16,ÆR0Z3R0
7.65611980877249e+16,olegtulupov1996
7.656119808780925e+16,BLACK REVENGE
7.656119808792464e+16,demons in my cut
7.656119808811074e+16,PrikZz
7.656119808816798e+16,WhySoSerious
7.65611980884711e+16,mac
7.656119808893434e+16,ʕʔ
7.656119808905995e+16,M A D D O G
7.656119808907422e+16,KKK csmoney
7.65611980893864e+16,Lapponia
7.656119808939507e+16,Celesto
7.656119808946526e+16,D4VVV
7.656119808977088e+16,֎Tys
7.6561198090557e+16,piuu
7.656119809062534e+16,is fucking dogshit
7.656119809068851e+16,ZedMonster
7.656119809069178e+16,Aster
7.65611980914063e+16,Fartovii
7.656119809157248e+16,vac efron
7.656119809205742e+16,1040am
7.656119809206947e+16,o
7.656119809210715e+16,ntb
7.65611980921891e+16,Kuusa
7.656119809257765e+16,BobbyDVN
7.656119809318938e+16,ΞNORM1S
7.656119809323402e+16,BangBangBang
7.65611980934716e+16,الطعام المعلب
7.656119809381074e+16,Unknown
7.656119809391206e+16,Duk
7.656119809414896e+16,Segfault
7.656119809425008e+16,fata
7.65611980946071e+16,KEYS
7.656119809460874e+16,ummer
7.656119809494251e+16,PaMeR
7.656119809498454e+16,n1T
7.656119809499949e+16,Unknown
7.656119809506482e+16,Kate Upton
7.656119809507382e+16,SAILOZSER
7.656119809569333e+16,Troller
7.656119809580963e+16,BB
7.656119809595802e+16,Nohut Dürüm
7.656119809598813e+16,Ân Nguyễn
7.656119809607955e+16,artemusZ
7.656119809620573e+16,AmınaRezonans
7.656119809624448e+16,Kantintome
7.656119809635424e+16,chinhtkt
7.656119809662768e+16,لا غالب إلا الله
7.656119809664515e+16,WacMac
7.656119809687947e+16,JanK001
7.656119809712547e+16,Yoshiro
7.656119809753477e+16,Xyz csmoney skinsjarcom
7.656119809767643e+16,LordCat
7.656119809776618e+16,RichiNator
7.656119809794016e+16,njeeepp
7.656119809911424e+16,CuđúC
7.65611980992497e+16,Họ Đoàn Tên Chung
7.656119809932923e+16,Billys Final Bicep Pump
7.656119810045778e+16,blackdevil
7.65611981005712e+16,EMPIRE
7.656119810077288e+16,DiviX
7.656119810113576e+16,Heart4Gamer
7.656119810178698e+16,luanlt
7.65611981019202e+16,Unknown
7.656119810232453e+16,Dracnaeon
7.656119810252248e+16,Tango Quebec November
7.656119810269462e+16,numbussy
7.656119810367754e+16,Yuji
7.65611981049992e+16,Unknown
7.656119810552115e+16,Fint
7.656119810617669e+16,Unknown
7.6561198106179e+16,hangar
7.656119810632768e+16,Bombardino Crocodilo
7.656119810650942e+16,Benowinner
7.656119810676912e+16,Sat thu tinh duc
7.656119810686843e+16,Kam
7.656119810690075e+16,Lipssy
7.656119810700416e+16,rage
7.656119810709608e+16,Bear
7.656119810712483e+16,kato
7.656119810737486e+16,AL
7.656119810738754e+16,Black Angel
7.65611981075379e+16,TraveaT
7.656119810755902e+16,Unknown
7.65611981076486e+16,1
7.656119810767083e+16,Pun Rieu
7.656119810780232e+16,Kane
7.65611981081432e+16,LuanNT
7.656119810903226e+16,Unknown
7.656119810913933e+16,Alof Schlonz
7.656119811090622e+16,Calsterman
7.656119811096619e+16,Aquini
7.656119811193819e+16,QuangLee
7.656119811225026e+16,Anh Sáu Hay Cười
7.65611981128342e+16,wilka
7.65611981136926e+16,sad
7.656119811372072e+16,CN S KARA RUBY FV 0001
7.656119811402197e+16,Chapóvitch
7.656119811421971e+16,666
7.656119811424378e+16,๖ۣۜ
7.656119811578544e+16,Unknown
7.656119811617931e+16,eFim
7.65611981161988e+16,He He
7.656119811660202e+16,HanAlister
7.6561198116997e+16,MиY
7.656119811707714e+16,Hoes Mad
7.656119811713773e+16,Uchiha Itachi
7.656119811723389e+16,Khoaiii
7.656119811723784e+16,yy3s
7.656119811731123e+16,Anga Phandaj
7.656119811739086e+16,jAsper
7.65611981174728e+16,༺
7.65611981178626e+16,AaG
7.656119811830611e+16,Kheriz
7.656119811843098e+16,Unknown
7.65611981188112e+16,The Notorious BIG
7.656119811923251e+16,The Grave Digger
7.656119811937069e+16,Bloody
7.656119811945982e+16,Communism GO GO
7.65611981202127e+16,tuta
7.656119812044675e+16,Trung
7.656119812123912e+16,Larza
7.656119812124275e+16,Cleaning Lady
7.656119812153798e+16,SOG
7.65611981218237e+16,Nixxsixxs
7.656119812182891e+16,Schnappi
7.656119812222413e+16,Phúc Cọp
7.656119812237018e+16,Ricola
7.656119812243974e+16,Cook
7.656119812270902e+16,julia mệt r nha
7.656119812283094e+16,Hoon
7.65611981228393e+16,Arteezy
7.656119812292483e+16,Xeias
7.656119812306949e+16,Fogisss
7.656119812311517e+16,Carbon In Real Life
7.656119812318443e+16,TPhong
7.656119812343427e+16,Shaiaaa
7.656119812382648e+16,Legende
7.656119812389277e+16,Maxit
7.656119812414904e+16,Toki
7.65611981242453e+16,Pvt Part
7.656119812426093e+16,PassionS
7.656119812432266e+16,ahd
7.65611981245632e+16,Remtar
7.656119812462715e+16,booty
7.656119812490874e+16,Huang Kan
7.656119812550488e+16,xtsee
7.656119812564925e+16,more bark more lose
7.656119812598285e+16,n1dzae30
7.656119812609088e+16,shyko
7.656119812639008e+16,Chi Hung
7.656119812674821e+16,Raven
7.656119812679038e+16,re7
7.65611981271696e+16,1uvyuhiaht
7.65611981273546e+16,Clintoris
7.656119812764658e+16,Kidd er din far
7.656119812801206e+16,i see puy i lick
7.656119812828334e+16,Gabe Itches
7.65611981283149e+16,Ông Thần Chơi Đá
7.656119812871814e+16,AYANAMI
7.656119812881656e+16,Shinkun
7.656119812891003e+16,Mai Hoa Kiếm Tôn
7.65611981291413e+16,Suck my dick
7.656119812938074e+16,Unknown
7.656119812938627e+16,AggressiveAlchemis
7.656119812958867e+16,Genis
7.6561198130019e+16,The Horseman
7.656119813015371e+16,Chuckles eSPorts
7.656119813020083e+16,mgZZzZZ
7.656119813047187e+16,aaa
7.656119813064181e+16,MauLolChaySiet
7.656119813080946e+16,MONST3RTRUCK
7.656119813089837e+16,bombii
7.656119813209589e+16,DeBe
7.656119813215648e+16,pashA
7.656119813228693e+16,Sceam 1 Tap
7.65611981327094e+16,pichu
7.656119813279653e+16,LouSeht
7.656119813290952e+16,colt
7.656119813333064e+16,Lucky
7.65611981333965e+16,Toàn Cinderella
7.656119813375005e+16,MA
7.656119813391662e+16,Kai Tô Vũ
7.656119813398811e+16,Mines
7.656119813454962e+16,Dang Thanh Son
7.656119813468773e+16,skyytexx
7.656119813471235e+16,Call me Sepss
7.656119813478312e+16,drizzy
7.656119813490973e+16,Tuica de la Sfecleti
7.65611981355432e+16,So
7.656119813566782e+16,MrBigGaming
7.656119813567382e+16,Norris23
7.656119813571818e+16,Fi
7.656119813599315e+16,50tiyn
7.656119813609094e+16,Avariska
7.656119813623309e+16,Song Hye Kyo
7.65611981366159e+16,dr34merzz
7.656119813674133e+16,G
7.656119813688918e+16,JoJo
7.656119813712965e+16,Erdem Ege
7.656119813721517e+16,XaleriaN
7.656119813724037e+16,maybe not x
7.65611981375657e+16,Obsidian
7.656119813765498e+16,RustyXpro
7.65611981378277e+16,noupanouane
7.65611981381288e+16,Ch1nA
7.656119813826347e+16,Hisoka
7.656119813828147e+16,lolololololololololololol
7.656119813836704e+16,Thợ Điện Campuchia
7.656119813857672e+16,SMS
7.656119813868803e+16,Q O Q
7.656119813872123e+16,Goblin King Jareth
7.656119813927149e+16,Zumbo
7.656119813994994e+16,xD
7.656119813995963e+16,wkfxo9
7.656119814011642e+16,Peenoise barbarious dogs
7.65611981403414e+16,IIlliiussionIIll
7.656119814086698e+16,SK FALLEN
7.656119814091179e+16,Dũng sĩ diệt mồi
7.656119814125627e+16,HUY HUY
7.656119814138742e+16,DADDY
7.656119814140235e+16,CorytheGrey
7.65611981420455e+16,۞ ۞ ۞۞ ۞۞۞ ۞ Kaii
7.656119814215704e+16,Dzunnn
7.65611981424412e+16,Polar Vortex
7.656119814274131e+16,Aardvark
7.656119814320037e+16,basse
7.656119814337979e+16,digitaldrugl0rd
7.656119814346205e+16,arya
7.656119814358902e+16,Cáp Py Pờ Gô
7.656119814367126e+16,elander
7.656119814369371e+16,Fingerspitzengefühl
7.656119814388053e+16,Danhcz
7.656119814402427e+16,Kakâ
7.656119814424757e+16,skyfall
7.656119814425754e+16,mỹ đèo
7.656119814441414e+16,Nukerita
7.656119814584984e+16,Unknown
7.656119814620667e+16,Tun
7.65611981466825e+16,Kazume
7.656119814786083e+16,Buten
7.656119814791058e+16,Emreturka123
7.656119814792869e+16,Redux
7.656119814800382e+16,Derank Service
7.656119814807176e+16,maouzzz
7.656119814812256e+16,sickyturtlez
7.656119814830469e+16,ianispeein
7.656119814865221e+16,CHI ONG VANG
7.656119814878603e+16,Ang3L
7.656119814924422e+16,Trưởng khoa sản
7.656119814983146e+16,Theodore
7.656119814985742e+16,Dolly
7.656119814988693e+16,VIKIПG PΛПDΛ
7.656119815022683e+16,Fernando Tariffs
7.656119815023982e+16,Firezenozoic
7.65611981509175e+16,TommyVN
7.656119815091989e+16,GOFT
7.656119815110011e+16,Lil Tay
7.656119815131173e+16,Who Am I
7.65611981517936e+16,icerdicer
7.65611981519495e+16,Khinh Thường Kẻ Yếu
7.656119815210682e+16,naCduM
7.656119815256299e+16,Dr4g0n
7.656119815258944e+16,Cero miedo
7.656119815262344e+16,Chubby Deer
7.656119815262627e+16,AEsir
7.656119815264707e+16,RaFf
7.65611981530125e+16,HzahT
7.656119815309038e+16,M
7.656119815373285e+16,Jerryboiz
7.656119815400491e+16,Wiesław Escobar
7.656119815410683e+16,Cezrus
7.656119815429141e+16,JxT
7.656119815459594e+16,fr0m t4m trjnk wjtk l0v3
7.656119815463822e+16,moro ilo
7.656119815490134e+16,magicbeef
7.656119815565165e+16,DiegeL1337
7.656119815641683e+16,Basti Korz CEO of Austria
7.656119815644573e+16,singularity
7.65611981564642e+16,xnz
7.656119815671486e+16,LucaJr
7.656119815673504e+16,DeFcöN
7.656119815698898e+16,RaiJin vvcsgocom
7.656119815718382e+16,Whiskee
7.65611981572501e+16,Swiggity LilJ
7.656119815749251e+16,CatGodLuck
7.656119815793765e+16,mase
7.656119815806058e+16,botkiban
7.656119815818237e+16,Winters
7.656119815855008e+16,Unknown
7.656119815888904e+16,Kurisagama
7.6561198158947e+16,s0nwi3
7.656119815898822e+16,Noob Doge
7.656119815908213e+16,Jin
7.656119815944571e+16,Kladdig Afghan
7.656119815985138e+16,RN
7.656119816006168e+16,Hjjjjj
7.656119816054269e+16,SLUGALUGMADINGDONG
7.656119816060712e+16,AmaZingDonut
7.656119816062254e+16,dzs
7.656119816109968e+16,gnida dworska
7.656119816119878e+16,raVen
7.656119816177163e+16,pierredu659
7.656119816214814e+16,V
7.65611981622243e+16,123
7.656119816256938e+16,Mr X
7.656119816278429e+16,Tralalero Tralala
7.656119816318322e+16,Hay
7.65611981640926e+16,76561198163353034
7.656119816436416e+16,y2k
7.656119816468176e+16,Khôi
7.656119816519411e+16,le ben
7.65611981653343e+16,MESS1
7.656119816534378e+16,Emqil
7.656119816608942e+16,MLCS
7.656119816615344e+16,Cháu Nguyen Tan Dung
7.656119816651966e+16,GAMEJUNKY94
7.656119816657475e+16,HAFX ITheFascist
7.656119816665e+16,viet
7.656119816667989e+16,Valter Sträng
7.656119816689914e+16,Unknown
7.656119816703314e+16,АльАзиф
7.656119816741898e+16,Wither
7.656119816786547e+16,o kia
7.656119816812694e+16,HPSunLess
7.656119816883968e+16,Gamer
7.656119816896978e+16,kryzzz
7.656119816925742e+16,w0zzei
7.656119816983234e+16,yazz
7.65611981698662e+16,Mr Lee T
7.656119816996109e+16,amaDi
7.656119817058734e+16,заперил эволюцию
7.65611981708687e+16,Chill Vans
7.656119817097434e+16,UwUwU 3
7.656119817200376e+16,tru3
7.656119817204011e+16,Unknown
7.656119817262402e+16,Mikdis
7.656119817304293e+16,BLEJZ1K
7.656119817342349e+16,7SECONDZ
7.656119817390699e+16,dimitir
7.656119817552045e+16,Mojo
7.656119817615674e+16,DraGz
7.656119817726326e+16,AlwaysHigh
7.656119817739336e+16,broly
7.65611981781885e+16,Woo Cash
7.65611981784632e+16,Ama
7.656119817851834e+16,egotistical
7.65611981797242e+16,Mayja
7.656119818028035e+16,Lisa the only one
7.656119818035659e+16,Unknown
7.656119818076224e+16,ᵛᶰƴʯՇᶏ༻
7.656119818161963e+16,Lâm MaL Lưu
7.656119818437318e+16,Nguyễn Xuân Fúc
7.656119818462098e+16,Father Callahan
7.65611981851605e+16,Jayger A
7.656119818804237e+16,shaun
7.656119818861952e+16,fml
7.656119818868622e+16,exe
7.656119818902549e+16,aLone
7.65611981891457e+16,Geo
7.656119818924173e+16,Kirtle
7.656119818938718e+16,Bicycle PEEK
7.656119819003472e+16,Sova pls revive me
7.656119819038125e+16,Không có tai nghe
7.656119819072022e+16,I am Hai
7.656119819079469e+16,Baris
7.656119819120832e+16,TN
7.656119819126622e+16,Alena
7.656119819178448e+16,Jinxbear
7.656119819198592e+16,76561198191784477
7.656119819285406e+16,Hàng Cân
7.656119819320838e+16,Tiësto
7.656119819323413e+16,Yost Aromin
7.656119819395936e+16,MLP Shady
7.656119819430683e+16,LuBerry
7.65611981948609e+16,VanHao
7.656119819505374e+16,furlan
7.656119819553434e+16,Raz1
7.656119819561448e+16,szymanskii
7.656119819582835e+16,Accsstar
7.656119819606578e+16,paon1y
7.656119819606898e+16,Ta Dinh Fẻrari Peek
7.65611981964181e+16,Divine crusader
7.656119819658395e+16,kingpin
7.656119819703014e+16,AAP
7.656119819724021e+16,Kes
7.656119819785643e+16,Rin
7.656119819847954e+16,TTD Jacob
7.65611981985658e+16,Unknown
7.656119819883323e+16,Ced
7.656119819894035e+16,35VMM75TYU
7.656119819899136e+16,Unknown
7.65611981991064e+16,oc cut
7.656119819943419e+16,toiletskibidi
7.656119819969469e+16,NDD
7.656119819971296e+16,Bæ
7.656119819985427e+16,loкi
7.65611982002035e+16,TAN NOAH
7.656119820035202e+16,Meo
7.656119820108502e+16,fBK
7.656119820123162e+16,Joker
7.656119820142064e+16,Kaboom
7.656119820155032e+16,DraX
7.656119820192125e+16,Unknown
7.656119820233622e+16,Jordz
7.65611982023863e+16,Jean Darc
7.656119820255443e+16,DizzleR
7.656119820256397e+16,non
7.656119820258509e+16,Checkiii B csgofastcom
7.656119820261038e+16,CLANK
7.6561198202612e+16,Smilee
7.65611982026637e+16,Cover Me dude
7.656119820349946e+16,Henny
7.656119820385136e+16,marzu
7.656119820414389e+16,Batschkaa
7.656119820486883e+16,o3 thaonguyen
7.656119820513947e+16,Bo0M
7.656119820616181e+16,deX
7.656119820741251e+16,John Week
7.656119820763626e+16,SafeBet
7.656119820771211e+16,rem
7.656119820777275e+16,ko phai nam dau
7.656119820791301e+16,Nug
7.656119820803242e+16,Kylin Bắn Cực Ngu
7.656119820814797e+16,KorVooD
7.656119820833829e+16,Xuân Diệu rush B
7.656119820941523e+16,vitcon skins
7.656119821033005e+16,johnf7
7.656119821183216e+16,Lezduit
7.65611982125458e+16,1rs playersolo
7.65611982132823e+16,diligent
7.65611982137308e+16,swap commends
7.656119821474736e+16,MrCS
7.656119821493267e+16,AstrikeFC
7.656119821638251e+16,C0ttonpicker
7.656119821646762e+16,Master
7.656119821702974e+16,czaczokumacz
7.656119821733106e+16,Dwight F
7.656119821750843e+16,Unknown
7.65611982183066e+16,Jisoo
7.656119821888594e+16,Micha Micha lala
7.656119821969014e+16,NSND
7.656119822008859e+16,benjyfishy
7.656119822026131e+16,Sophie
7.656119822049654e+16,Shroud
7.656119822437426e+16,nkr
7.656119822723275e+16,Luminous
7.656119822828362e+16,BotChien
7.656119823081965e+16,СекторПаЗа
7.656119823233946e+16,LSD
7.65611982347214e+16,AFKDharius
7.6561198236239e+16,Vladutzzz
7.656119823680952e+16,Ritar
7.656119823723685e+16,DungLA16xGERMANY
7.656119823796886e+16,Dino
7.65611982388563e+16,stldon
7.656119823903222e+16,Unknown
7.656119823916602e+16,Unknown
7.656119824003875e+16,Lupin da realest
7.656119824009406e+16,teaboo
7.656119824078859e+16,Lala
7.656119824213818e+16,blank
7.65611982434348e+16,Cosmin
7.656119824410829e+16,SBΞH
7.65611982453827e+16,Unknown
7.65611982455049e+16,FuRY
7.656119824643658e+16,CLARISE HATER
7.656119824666547e+16,Roz
7.656119825057133e+16,Unknown
7.65611982517034e+16,Con Slark Hình Con Cặc
7.656119825190826e+16,lukisa niumi
7.656119825234317e+16,OliverY
7.656119825272947e+16,M
7.656119825397917e+16,pR1m3
7.656119825435435e+16,Hi Lee
7.656119825444675e+16,S4mple
7.65611982546949e+16,NLKT
7.656119825471147e+16,BABAPRO
7.656119825473949e+16,DumbleD
7.65611982547629e+16,Unknown
7.656119825494434e+16,TenkoBeo
7.656119825500566e+16,MrBuMit
7.656119825513789e+16,GUNNER
7.656119825513955e+16,Unknown
7.65611982553351e+16,G I N G E R
7.656119825541427e+16,UNC
7.656119825549586e+16,Miadesuga
7.656119825582466e+16,pp
7.65611982558704e+16,๖ۣۜ๖ۣۜTôммү
7.656119825612186e+16,Skidter
7.656119825667536e+16,Hoag2k2
7.656119825679469e+16,Arroz
7.656119825682272e+16,ShiGu
7.656119825701326e+16,Không Phải Nam Anhh đâu
7.656119825718859e+16,RyAn
7.656119825779171e+16,Vu
7.65611982580098e+16,The Viper
7.656119825805306e+16,Bÿ
7.656119825860656e+16,Ekin
7.656119825882611e+16,China 1
7.656119825892779e+16,Tell me Why
7.656119825904544e+16,karlinz
7.656119826037544e+16,ҼҭҭԻoӣ
7.656119826095448e+16,Hoang BABAYAGA
7.65611982610323e+16,Rocker
7.656119826119056e+16,Minh
7.65611982622171e+16,76561198261190566
7.656119826300398e+16,Khoaiii
7.656119826389912e+16,Saya
7.656119826406128e+16,Henry
7.656119826482848e+16,Melvin
7.656119826528176e+16,zxczxc
7.656119826611371e+16,MT idol 3
7.65611982663033e+16,76561198265281759
7.65611982667122e+16,Inquistor
7.656119826701797e+16,Uvuvwevwevwe Ossas
7.656119826727122e+16,Nepuru
7.656119826753312e+16,Unknown
7.656119826788954e+16,Donut
7.656119826811752e+16,John Weed
7.65611982683484e+16,Unknown
7.656119826841744e+16,Buuuuuuuuuuuuuuuuuuuuuuuu
7.656119827002912e+16,Pussy Hunter
7.65611982714959e+16,S O B E
7.656119827218931e+16,Babbs
7.656119827220462e+16,Truong Scotl
7.656119827257123e+16,DraKRaEMoon
7.656119827274158e+16,Unknown
7.656119827306032e+16,tonkin pag dog
7.65611982732437e+16,Daniel
7.656119827329794e+16,Hayley Williams
7.656119827335371e+16,howmuchforpeace
7.656119827341392e+16,BILLY SELL ITEMS CSMONEY
7.65611982737019e+16,mano
7.656119827387373e+16,v i n a s o
7.656119827421883e+16,Anubis
7.656119827437232e+16,piggy the stupid
7.656119827458166e+16,TroN
7.656119827495397e+16,MEGACOSMOS
7.656119827622112e+16,velesTDM
7.656119827667886e+16,imposter
7.656119827677187e+16,M1z
7.656119827734715e+16,Bí Ngô
7.656119827742696e+16,Игорь xXx
7.656119827746229e+16,quocTHANG
7.656119827765224e+16,Markyy
7.656119827792926e+16,Vì Anh Là Gió
7.656119827800589e+16,CiB
7.656119827829509e+16,60hz peek
7.65611982785592e+16,NezoX
7.656119827873272e+16,anhb1n
7.656119827918797e+16,YamatoVN
7.656119828055381e+16,Cuong10x
7.656119828072504e+16,marsen
7.656119828151624e+16,whisperian
7.656119828179198e+16,Poseidon
7.65611982818846e+16,ttsociuu
7.656119828215706e+16,Yugi Mutou
7.656119828444496e+16,Địt mẹ hiền đới
7.656119828452835e+16,Bot 8k hours
7.656119828484344e+16,BoomMboo
7.656119828496133e+16,Minz
7.65611982856167e+16,monkey d luffy
7.656119828613603e+16,Obanai
7.656119828767718e+16,AndyP
7.656119828796397e+16,Kun
7.656119828797462e+16,huê
7.656119828949306e+16,Irahly
7.656119828962387e+16,Bắc Đẩu Thần Quyền
7.656119829090619e+16,no here hellcaseorg
7.656119829170146e+16,Heart
7.656119829243792e+16,Bite All
7.65611982933037e+16,Unknown
7.656119829366837e+16,NickyyyR
7.656119829432584e+16,CROSSBONESS
7.656119829488363e+16,Fakkkkkkkkk
7.656119829518648e+16,zTrungTình
7.656119829522238e+16,Kapt1on Mabu
7.656119829523082e+16,HÙNG VƯƠNG KING OFICIAL
7.656119829632275e+16,Unknown
7.656119829734981e+16,TBCM
7.656119829798877e+16,Pe4ceMakErz
7.65611982983044e+16,Trash
7.656119829860157e+16,Dr Lan
7.656119829866075e+16,Zef
7.65611982996652e+16,Michael Khổng Lặc
7.656119830132947e+16,tranthanhdat09101973
7.65611983014741e+16,Galaxy Elite
7.656119830176254e+16,cartiboyplay
7.656119830295237e+16,Tung Tung Tung Sahur
7.656119830321069e+16,Shane Van Boening
7.656119830358027e+16,bye my acc
7.656119830368712e+16,rainy
7.656119830378173e+16,elo here
7.656119830400262e+16,Save69
7.656119830457205e+16,Thai Minh
7.656119830469512e+16,Veowli
7.656119830588765e+16,Beta
7.656119830617744e+16,FiLWYFNS
7.656119830699118e+16,markush
7.656119830721731e+16,DaShiru
7.65611983078485e+16,padwhen
7.656119830786534e+16,ascavacv
7.656119830818683e+16,thirsty
7.656119830864346e+16,Azyyy
7.656119830901944e+16,Unknown
7.656119830904749e+16,Kaan
7.656119830914149e+16,KAHLASH
7.656119830986618e+16,entrotyp
7.65611983119627e+16,Unknown
7.656119831261515e+16,ILoveUnicorn
7.656119831422584e+16,john did
7.656119831502014e+16,kris
7.65611983157014e+16,heocon
7.656119831633398e+16,Vu dai hiep
7.65611983172625e+16,JustC
7.656119831778344e+16,Protk
7.65611983180811e+16,Imnok SkinsMonkey
7.656119832047005e+16,SuThayAnThitCho
7.656119832099005e+16,KIM
7.656119832275066e+16,50Cent
7.65611983289444e+16,Kimbyy
7.656119833048082e+16,Hoagf
7.656119833194267e+16,Hashira
7.656119833686702e+16,۞F۞A۞V۞İ۞E۞N
7.656119833814488e+16,RF Sena
7.656119834620288e+16,em vu buoi to
7.656119834680037e+16,dt
7.65611983473973e+16,Tom
7.656119834770222e+16,DGK
7.65611983481877e+16,Papa Franku
7.656119835229109e+16,MadLife
7.656119835418362e+16,Quanh Quanh
7.656119835431051e+16,keem
7.65611983549349e+16,Ez boost rep
7.65611983549421e+16,Phố Lên Đèn Em Lên Đồn
7.65611983570133e+16,sixer
7.656119835837357e+16,Existent
7.65611983647375e+16,Eugeo
7.65611983695348e+16,Valerie
7.656119799146592e+16,Ezzz scam gear
7.65611979931128e+16,Đố anh bắt được em
7.656119799441907e+16,Ice Cream
7.65611980120494e+16,FORCE50WINRATEFORCE50WINRATEFO
7.65611980168959e+16,LamP
7.656119802083309e+16,Rei
7.656119802174155e+16,Clarke
7.656119802556157e+16,JOHN117
7.656119802754298e+16,Charliedao
7.656119802779365e+16,CallMeFingers
7.656119803253968e+16,VN Leo9693
7.656119804015766e+16,Yukimura Ryuu
7.656119804019608e+16,Mèo Lạc
7.656119804070186e+16,JPNTchuTchaTcha
7.656119804290531e+16,all pain no gain
7.65611980436752e+16,TungVn
7.65611980449508e+16,MonT
7.656119804690686e+16,General Chow
7.656119804726634e+16,TAra
7.656119805082677e+16,Thuan La
7.65611980531356e+16,MartyNg
7.656119805480394e+16,Faithful
7.656119805599798e+16,Yumi
7.656119805705931e+16,Tò te tí tò te tí
7.65611980611169e+16,IM INJOKER ZERONICE
7.656119806205466e+16,khunglongchimto
7.656119806897552e+16,Don
7.656119806955227e+16,LaLeo
7.656119807169686e+16,Sofunny1110
7.656119807192384e+16,Di9
7.656119807288206e+16,LeVinh
7.656119807788634e+16,AlexDuong
7.656119808128147e+16,McQueen
7.656119808183984e+16,J
7.656119808374712e+16,yunbray
7.656119808417238e+16,Winter BoØ
7.656119808434278e+16,Snoopdogma
7.656119808479563e+16,batdaihoa741
7.65611980848293e+16,Kylo Solo
7.656119809266192e+16,AirDrgoN
7.65611980941088e+16,fRozen shit
7.656119809482048e+16,KaaK
7.656119809802814e+16,Souldium
7.656119810370707e+16,Stur
7.656119811012622e+16,Dev C
7.656119811647736e+16,VNWolf10121991
7.656119811850805e+16,phatdam
7.656119811984832e+16,Baro
7.656119811994358e+16,Fox
7.656119812214342e+16,Yu Văn Gi
7.656119812734256e+16,EchIeuTinh
7.656119813361914e+16,PIEWPIEWPIEW
7.656119814045944e+16,NhMinT
7.656119814093731e+16,C
7.65611981419729e+16,ThimVit
7.656119814198594e+16,xuantung09x2b
7.656119814202269e+16,Đưa tao khẩu AK
7.656119814363158e+16,Kato
7.656119814960166e+16,BRAIN SEAN PHILLIP PHAM
7.656119815017765e+16,Katsox
7.656119815315851e+16,Adam Marshall
7.656119815655042e+16,NewNewt
7.656119818473606e+16,MrKim
7.656119820588843e+16,Texan Man
7.656119822300466e+16,VIEHarry
7.656119825059029e+16,HoàngChelsea
7.656119825969234e+16,Sofunny
7.656119827519474e+16,My BotHAGC
7.65611982801823e+16,Mlue
7.656119830392757e+16,Vũ Đạt
7.656119830861787e+16,K1m NaNa
7.656119831529483e+16,DraAkai
7.656119832198789e+16,Duyanh
7.656119832402389e+16,Nikola Tũn
7.656119832763674e+16,KharGK
7.656119833829864e+16,Cr4zyVyVy
7.656119834926298e+16,Dominicotine
7.656119834961354e+16,Loading
7.656119839337173e+16,WBK
7.656119840353474e+16,Sicking Duck
7.656119840478014e+16,Nobii
7.656119840609646e+16,Fox
7.656119841554491e+16,Long Cheese
7.656119844853304e+16,Kemhalem
7.656119880235989e+16,blablablaoopss
7.65611988192777e+16,1dolce
7.656119881981427e+16,PơMu
7.656119885006646e+16,Oggy
7.656119885509038e+16,67
7.6561198862592e+16,proingame
7.656119889390269e+16,Unknown
7.65611989203596e+16,NacNongNay
7.656119893638466e+16,Amgod
7.656119897031579e+16,DynamiteV
7.656119897777034e+16,Tony
7.656119898133104e+16,TheKing
7.65611989884968e+16,SuuDauTrau
7.656119898985056e+16,Ga Tia Chop
7.656119901734866e+16,Vu Gudbui
7.65611990180068e+16,Nᴏʜᴏᴘᴇ ᶠᴬᴷᴱ
7.656119902913424e+16,C
7.656119903144398e+16,Malcud
7.656119906614112e+16,Taurus Pham
7.656119906635466e+16,Simao
7.65611990900653e+16,Miiao Miao
7.656119909565645e+16,Purple Tea
7.656119910740211e+16,DauXinh98
7.65611991249057e+16,Em bé
7.656119912953632e+16,Lino
7.656119915957093e+16,Gừng
7.6561199183887e+16,YihinFlen
7.656119919798211e+16,COOK Toc Toc
7.656119920333168e+16,Xwolf
7.656119921249251e+16,YuuKi
7.656119921529395e+16,Linh Linh
7.656119948399818e+16,Cáy Nè
7.656119796478286e+16,em Mối bé xíu
7.656119802219458e+16,pewpie
7.656119804933278e+16,Vu Gudbui
7.656119806191136e+16,Tetsuwan
7.656119806410152e+16,Leidenfrost
7.656119808540595e+16,MooMoo
7.656119809557744e+16,Kinan Shonan
7.656119809771522e+16,Unknown
7.656119809940757e+16,Phong Henry
7.656119810739445e+16,Shu Ku Chi
7.656119810937698e+16,Bả0Men Mua bán item bet sll
7.656119811218478e+16,tra0ga0na
7.656119811654322e+16,Im tini
7.656119812733965e+16,CRUD
7.656119813552424e+16,Nash
7.656119814454667e+16,PetFog
7.656119820282683e+16,D4rkeys
7.656119821168246e+16,LykBK
7.65611982547166e+16,Kirito
7.656119827159518e+16,Ka1n
7.656119827786178e+16,HOTGIRL
7.65611983255428e+16,BinGo
7.656119879666352e+16,CPC
7.656119941887603e+16,Cant Stop Wont Stop
7.656119943904626e+16,NgọcBảo
7.656119943905498e+16,durrr
7.656119943948368e+16,Shuze
7.656119951442534e+16,shu0ku0chi100
7.656119796424168e+16,tra0ga0na100
7.656119796559326e+16,shu0ku0chi102
7.656119796839566e+16,ki0ta0na
7.656119797000106e+16,MarziL
7.656119797795938e+16,Harleen Quinzel
7.656119798648154e+16,Solio
7.656119798905978e+16,UncleDA
7.656119799050224e+16,Tomm
7.656119799526235e+16,fathernorms
7.656119799641928e+16,kyuk
7.656119799642386e+16,Beo
7.65611979993504e+16,bhplong
7.656119799988387e+16,First Moba Game Match
7.656119800169934e+16,anh1061987
7.656119800205443e+16,h3
7.65611980021787e+16,JBBanhBotLoc
7.656119800485598e+16,m0NESY
7.656119800991464e+16,OnlyC
7.656119801251616e+16,CcC
7.656119801263554e+16,thequeen22
7.656119801412557e+16,nebuk
7.656119801791214e+16,deleted nhảy dù
7.656119802371917e+16,LHMM A
7.656119802762026e+16,Unknown
7.656119802821573e+16,DubiBuni
7.656119803018306e+16,bombii
459 | 35453760 | 354,18.0
7.656119803254342e+16,Unknown
7.656119803285019e+16,Unknown
7.656119803365867e+16,slashwhitesnake
7.656119803544342e+16,ST
7.65611980361388e+16,Fly
7.656119803622075e+16,raven
7.656119803708595e+16,Erik
7.656119803822651e+16,Tup Sum Bong
7.656119803870426e+16,x140
7.656119803898587e+16,Unknown
7.656119803928122e+16,Qiao Feng
7.656119803977669e+16,Simon
7.656119803998995e+16,oceanfox
7.656119804018096e+16,lecorgiii
7.656119804036581e+16,Khoakonn
7.656119804053334e+16,HVK
7.656119804101902e+16,Vihuminus
7.65611980411129e+16,Phamlean
7.656119804127971e+16,Unknown
7.656119804229178e+16,phongcoj
7.656119804264571e+16,Ƹ̵̡Ӝ̵̨̄Ʒ
7.656119804266354e+16,AVATAR
7.656119804325474e+16,zZZ
7.656119804331851e+16,Fluxaracloud
7.65611980444431e+16,LPG
7.656119804497448e+16,TpGaming
7.656119804505618e+16,KOBRA
7.656119804607062e+16,LittleBullet
7.656119804704581e+16,Cobra Tandinh
7.656119804709451e+16,FairPlay
7.656119804761402e+16,Hell
7.65611980476765e+16,Nixellus
7.656119804771872e+16,Shank
7.656119804790925e+16,Can Can
7.656119804791635e+16,DaTb0a
7.656119804858787e+16,CEOOnlyLove
7.656119804869746e+16,Handsome
7.656119804895851e+16,apoolo
7.656119804909125e+16,E͟͟l͟͟l͟͟r͟͟i͟͟c͟͟
7.656119805058526e+16,Jessica
7.656119805086811e+16,MunMTA
7.656119805099195e+16,con cho meo meo
7.65611980532899e+16,impact
7.656119805339112e+16,Mistake
7.656119805408354e+16,๖ۣۜIU
7.65611980580594e+16,Ngọa Long Tiên Sinh
7.65611980599194e+16,sukapy
7.656119806049594e+16,Ricacdo
7.656119806076594e+16,TrAnCe
7.656119806144869e+16,Unknown
7.65611980617985e+16,Unknown
7.656119806203827e+16,Whissan
7.656119806230246e+16,tap ban
7.656119806265368e+16,Pantera
7.656119806269414e+16,illusioN
7.656119806406616e+16,MrT
7.656119806427818e+16,kennefyes
7.656119806431451e+16,Thái béo
7.656119806490699e+16,αβμىαγαяτ Joey
7.656119806518802e+16,S0ng0kuVNN
7.65611980653687e+16,VIRTUSPUSSY
7.656119806653443e+16,Se7eN
7.656119806673525e+16,Thoi Loan Anh Hung Chien
7.656119806755805e+16,NeTz
7.656119806781838e+16,Tin
7.65611980692225e+16,V2
7.656119807103381e+16,Fallen
7.656119807172395e+16,Dexter
7.656119807194854e+16,Blue Đẹp Trai
7.656119807382675e+16,Leezuy
7.65611980746733e+16,Orange
7.656119807478011e+16,Raybomb
7.656119807534325e+16,fear
7.656119807573016e+16,kv
7.65611980759171e+16,Cheatingbitch
7.656119807662464e+16,ascent2019
7.656119807665742e+16,AsianKenSin
7.656119807683578e+16,mustachu
7.656119807816611e+16,ᴅᴇᴀᴅɪɴsɪᴅᴇ
7.656119807865928e+16,Masamune
7.656119808106646e+16,bm
7.656119808192454e+16,CamPEr
7.65611980821979e+16,NexT
7.656119808369933e+16,LoL
7.65611980840166e+16,bdt
7.656119808501819e+16,phEr
7.656119808803885e+16,l0lwutumadbro
7.656119809064888e+16,Bings
7.656119809068922e+16,Damit2k
7.656119809140298e+16,NeTz
7.65611980936718e+16,Kurt Cobain
7.656119809861691e+16,TL
7.656119809921331e+16,SunShine
7.656119810065232e+16,Derrick
7.656119810066496e+16,congtudepzai11o2
7.656119810102173e+16,76561198093671812
7.656119810119915e+16,Falling Down
7.656119810178758e+16,Kip
7.65611981040094e+16,Hai
7.656119810508731e+16,Paine
7.656119810550498e+16,Fujin
7.656119811112037e+16,TT
7.656119811215544e+16,Rageblade
7.6561198112384e+16,Miss Rage 3 Music D
7.656119811341942e+16,dra
7.6561198113559e+16,aily
7.65611981143709e+16,mask
7.65611981147945e+16,buu
7.656119811575424e+16,WallyA
7.656119811636458e+16,EscApE
7.656119811649862e+16,HuY EaTSleeP
7.656119811662435e+16,Onsnowday
7.65611981169801e+16,oWoW
7.65611981171519e+16,TaD
7.656119811717952e+16,buzet
7.656119811781888e+16,SmessY
7.656119812003734e+16,Cloudx
7.656119812080314e+16,LeoPard
7.656119812132155e+16,XoantinO
7.656119812266787e+16,Xoantino
7.656119812389334e+16,The Flash
7.656119812450163e+16,HK15
7.656119812515725e+16,white tiger
7.656119812764411e+16,Nikikiki
7.656119812773797e+16,TNT
7.656119812818245e+16,TanTan
7.656119812999354e+16,Unknown
7.656119813019771e+16,CAPTAIN HOOK
7.656119813040954e+16,Tur
7.656119813055326e+16,D D
7.65611981310978e+16,20
7.656119813113506e+16,Mow
7.656119813183547e+16,Asatru
7.656119813232106e+16,real contract
7.656119813265917e+16,RoCk FaCE
7.656119813498386e+16,๖ۜRoXXX
7.656119813566542e+16,aRch
7.656119813662658e+16,Bommeo
7.656119813667482e+16,BAD BOY
7.65611981373413e+16,dAniel
7.65611981375791e+16,Mystic add 34boost
7.656119814254658e+16,Pụt
7.656119814670603e+16,Darksiders
7.656119815608603e+16,fuck st
7.656119816058792e+16,TrangNaVi
7.656119816700149e+16,HeRo
7.656119816978189e+16,alyaL
7.656119818682949e+16,VACNET 30 Engineer
7.656119820577173e+16,Smoke
7.65611982076412e+16,Hi Im Zed Flick v
7.656119822946835e+16,JinKyy
7.656119824535462e+16,DamieN
7.65611982634671e+16,Not PMA
7.656119827594738e+16,DRIN
7.656119828431315e+16,Giyuu Tomiošu ˆˆ
7.656119829116446e+16,Napoléon Bonaparte
7.656119829654616e+16,Tommy
7.656119830942718e+16,chewie
7.65611983165943e+16,BOT Trump
7.656119834651269e+16,peacer
7.65611983474752e+16,DaddyG
7.656119835231419e+16,devan
7.656119835578277e+16,Monkey 10
7.656119837819304e+16,Cơn Bão Đang Đến
7.656119838421251e+16,Incorrect VAC ban OMG
7.65611983882539e+16,TRICO
7.656119839037216e+16,Bachelor father w 3 divorces
7.656119839057818e+16,DirectoR
7.656119839378363e+16,OldVet
7.656119839835398e+16,Facebook Dating Lv10
7.656119840256982e+16,Doi Mat Buon
7.656119840330176e+16,Pậc Thầy Fnick
7.656119841918576e+16,buzett
7.6561198423593e+16,Reze
7.656119842584406e+16,Ỉn P1nk
7.65611984270721e+16,BUZINO
7.656119843372653e+16,black
7.65611984459646e+16,Unknown
7.656119844898302e+16,BrimCanhCut
